<?xml version="1.0" encoding="UTF-8"?>
<project-private xmlns="http://www.netbeans.org/ns/project-private/1">
    <editor-bookmarks xmlns="http://www.netbeans.org/ns/editor-bookmarks/2" lastBookmarkId="0"/>
    <open-files xmlns="http://www.netbeans.org/ns/projectui-open-files/2">
        <group>
            <file>file:/C:/Users/Usuario/Documents/NetBeansProject2FX/LibretaDirecciones/src/ch/makery/address/view/PersonEditDialogController.java</file>
            <file>file:/C:/Users/Usuario/Documents/NetBeansProject2FX/LibretaDirecciones/src/ch/makery/address/view/DarkTheme.css</file>
            <file>file:/C:/Users/Usuario/Documents/NetBeansProject2FX/LibretaDirecciones/src/ch/makery/address/util/DateUtil.java</file>
            <file>file:/C:/Users/Usuario/Documents/NetBeansProject2FX/LibretaDirecciones/src/ch/makery/address/MainApp.java</file>
            <file>file:/C:/Users/Usuario/Documents/NetBeansProject2FX/LibretaDirecciones/src/ch/makery/address/model/Person.java</file>
            <file>file:/C:/Users/Usuario/Documents/NetBeansProject2FX/LibretaDirecciones/src/ch/makery/address/view/PersonOverviewController.java</file>
        </group>
    </open-files>
</project-private>
